4672.90,20.80
4672.90,20.80
4807.69,20.80
4651.16,20.31
4651.16,20.31
4629.63,19.82
4761.90,19.82
4629.63,19.82
4761.90,19.82
4629.63,19.33
4608.29,19.33
4608.29,19.33
4739.34,18.84
4587.16,18.84
4587.16,18.84
4587.16,18.84
4587.16,18.35
4694.84,18.35
4566.21,17.87
4545.45,17.87
4545.45,17.87
4545.45,17.87
4672.90,17.38
4545.45,17.38
4504.50,17.38
4651.16,16.89
4504.50,16.89
4504.50,16.89
4484.31,16.89
4464.29,16.40
4484.31,16.40
4464.29,16.40
4464.29,15.42
4464.29,15.91
4464.29,15.91
4566.21,15.91
4566.21,15.91
4566.21,15.91
4424.78,15.42
4424.78,15.42
4545.45,15.42
4524.89,15.42
4424.78,14.94
4385.96,14.94
4385.96,14.94
4385.96,14.94
4504.50,14.94
4366.81,14.94
4366.81,14.45
4484.31,14.45
4347.83,14.45
4347.83,14.45
4347.83,14.45
4347.83,13.96
4329.00,13.96
4424.78,13.96
4310.34,13.96
4329.00,13.96
4310.34,13.47
4424.78,13.96
4310.34,13.96
4291.85,13.47
4405.29,13.47
4273.50,13.47
4385.96,13.47
4273.50,13.47
4273.50,12.98
4291.85,13.47
4385.96,13.47
4291.85,12.98
4291.85,12.98
4310.34,12.98
4405.29,12.49
4291.85,12.49
4310.34,12.49
4424.78,12.49
4310.34,12.49
4310.34,12.49
4310.34,12.49
4310.34,12.49
4405.29,12.49
4273.50,12.01
4310.34,12.49
4273.50,12.01
4405.29,12.01
4273.50,12.01
4273.50,12.01
4273.50,12.01
4385.96,12.01
4273.50,12.01
4273.50,12.01
4385.96,12.01
4385.96,11.52
4273.50,11.52
4273.50,11.52
4237.29,12.01
4385.96,11.52
4273.50,11.03
4273.50,11.52
4366.81,11.52
4255.32,11.52
4273.50,11.52
4237.29,11.52
4366.81,11.52
4255.32,11.52
4255.32,11.52
4237.29,11.52
4366.81,11.03
4237.29,11.03
4237.29,11.03
4237.29,10.54
4366.81,11.03
4347.83,11.03
4237.29,11.03
4237.29,11.03
4237.29,11.03
4237.29,11.03
4237.29,11.03
4237.29,11.03
4237.29,11.03
4347.83,10.54
4201.68,11.03
4201.68,11.03
4201.68,9.56
4329.00,10.54
4201.68,10.54
4219.41,10.54
4310.34,10.54
4201.68,10.54
4310.34,10.54
4219.41,10.54
4237.29,10.54
4219.41,10.54
4329.00,10.54
4201.68,10.54
4347.83,10.54
4329.00,9.56
4237.29,10.54
4219.41,10.54
4291.85,10.54
4201.68,10.05
4219.41,10.54
4237.29,10.05
4347.83,10.05
4310.34,10.54
4201.68,10.54
4219.41,10.05
4219.41,10.05
4219.41,10.05
4201.68,10.05
4201.68,10.05
4201.68,10.05
4201.68,10.05
4329.00,10.05
4201.68,10.05
4201.68,10.05
4219.41,10.05
4329.00,10.05
4219.41,10.05
4237.29,10.05
4310.34,10.05
4329.00,10.05
4201.68,9.08
4201.68,10.05
4219.41,10.05
4219.41,10.05
4201.68,10.05
4201.68,10.05
4201.68,10.05
4310.34,10.05
4201.68,10.05
4201.68,9.56
4201.68,10.05
4310.34,10.05
4201.68,10.05
4201.68,9.56
4201.68,10.05
4310.34,9.56
4201.68,10.05
4201.68,9.56
4201.68,9.56
4201.68,9.56
4310.34,9.56
4201.68,9.56
4201.68,9.56
4201.68,9.56
4201.68,9.56
4329.00,9.56
4201.68,8.59
4201.68,9.56
4201.68,9.56
4201.68,9.56
4310.34,10.05
4201.68,9.56
4201.68,9.56
4219.41,9.56
4219.41,9.56
4347.83,9.56
4237.29,9.56
4237.29,9.56
4237.29,9.56
4366.81,9.08
4237.29,9.56
4366.81,9.56
4255.32,9.56
4273.50,9.56
4273.50,9.56
4273.50,9.56
4273.50,9.56
4273.50,9.56
4273.50,9.56
4405.29,9.56
4291.85,9.56
4385.96,9.56
4273.50,9.56
4291.85,9.08
4310.34,9.56
4310.34,9.56
4424.78,9.56
4310.34,9.56
4310.34,9.56
4310.34,9.56
4329.00,9.56
4464.29,9.56
4329.00,9.56
4329.00,9.56
4464.29,9.56
4347.83,9.08
4464.29,8.59
4464.29,9.56
4347.83,9.08
4347.83,9.56
4347.83,9.08
4347.83,9.56
4484.31,9.08
4366.81,9.08
4366.81,9.08
4366.81,9.08
4347.83,9.08
4484.31,9.56
4366.81,9.08
4385.96,9.08
4366.81,9.08
4385.96,9.56
4504.50,9.08
4385.96,9.08
4385.96,9.08
4385.96,9.56
4504.50,9.08
4385.96,9.08
4504.50,9.08
4385.96,9.08
4385.96,9.08
4405.29,9.08
4385.96,9.08
4504.50,8.59
4405.29,9.56
4385.96,9.08
4524.89,9.08
4385.96,9.08
4504.50,9.08
4385.96,9.08
4424.78,9.08
4385.96,9.56
4424.78,9.08
4405.29,9.08
4524.89,9.08
4405.29,9.08
4405.29,9.08
4385.96,9.08
4385.96,9.08
4444.44,9.08
4385.96,9.08
4424.78,9.08
4405.29,9.08
4424.78,9.56
4545.45,9.08
4405.29,9.08
4424.78,9.08
4424.78,9.08
4424.78,9.08
4545.45,9.08
4424.78,8.59
4424.78,9.08
4424.78,9.08
4424.78,9.08
4545.45,9.08
4424.78,9.08
4424.78,9.08
4424.78,9.08
4545.45,9.08
4424.78,9.08
4424.78,9.08
4545.45,9.08
4424.78,9.08
4424.78,9.08
4545.45,9.08
4424.78,9.08
4545.45,9.08
4424.78,9.56
4424.78,9.08
4424.78,9.08
4444.44,9.08
4566.21,9.08
4424.78,9.08
4424.78,9.08
4545.45,9.08
4444.44,9.08
4424.78,9.08
4424.78,8.59
4424.78,9.08
4566.21,9.08
4424.78,9.08
4424.78,9.08
4444.44,9.56
4444.44,9.08
4424.78,9.08
4424.78,9.08
4545.45,9.08
4444.44,9.08
4424.78,9.08
4424.78,9.08
4566.21,9.56
4424.78,9.08
4444.44,9.56
4444.44,9.08
4444.44,9.08
4464.29,9.56
4566.21,9.08
4464.29,9.08
4424.78,9.08
4444.44,9.56
4444.44,9.56
4424.78,9.08
4464.29,9.56
4444.44,9.08
4566.21,8.59
4464.29,9.08
4464.29,9.08
4464.29,9.08
4464.29,9.56
4464.29,9.08
4484.31,9.08
4424.78,9.08
4424.78,9.08
4444.44,9.08
4444.44,9.56
4587.16,9.08
4444.44,9.08
4444.44,9.08
4444.44,9.08
4566.21,9.56
4566.21,9.08
4504.50,9.08
4444.44,9.08
4444.44,9.08
4444.44,9.08
4424.78,9.08
4444.44,9.08
4444.44,9.08
4444.44,9.08
4464.29,9.56
4464.29,9.08
4444.44,9.08
4587.16,9.08
4444.44,9.08
4444.44,9.08
4424.78,9.08
4587.16,9.08
4464.29,9.56
4587.16,9.08
4444.44,9.08
4444.44,9.08
4587.16,9.08
4464.29,9.08
4566.21,9.08
4444.44,9.08
4464.29,9.08
4444.44,9.08
4587.16,9.56
4424.78,9.08
4587.16,9.08
4444.44,9.08
4464.29,9.08
4444.44,9.56
4464.29,9.08
4444.44,9.08
4587.16,9.08
4444.44,9.56
4444.44,9.56
4545.45,9.56
4444.44,9.08
4464.29,9.08
4464.29,9.08
4464.29,9.08
4444.44,9.08
4524.89,9.08
4444.44,9.08
4444.44,9.08
4587.16,9.08
4464.29,9.08
4464.29,9.08
4444.44,9.08
4566.21,9.08
4464.29,8.59
4464.29,9.08
4464.29,9.08
4444.44,9.56
4444.44,9.56
4587.16,9.08
4464.29,9.08
4464.29,9.08
4464.29,9.08
4464.29,9.56
4587.16,9.08
4464.29,9.08
4587.16,9.08
4464.29,9.08
4464.29,9.08
4464.29,9.08
4464.29,9.08
4587.16,9.08
4464.29,9.08
4587.16,9.08
4464.29,9.08
4464.29,9.08
4464.29,9.08
4504.50,8.59
4464.29,8.59
4587.16,8.59
4444.44,8.59
4464.29,8.10
4444.44,8.10
4444.44,8.10
4464.29,8.10
4587.16,8.10
4444.44,8.10
4444.44,7.61
4464.29,7.61
4444.44,7.61
4566.21,7.61
4444.44,7.61
4444.44,7.61
4444.44,7.12
4566.21,7.12
4444.44,6.15
4545.45,7.12
4444.44,6.64
4444.44,6.64
4424.78,6.64
4424.78,6.64
4424.78,6.64
4464.29,6.64
4545.45,6.15
4464.29,6.15
4424.78,6.15
4424.78,6.15
4545.45,6.15
4424.78,6.15
4545.45,5.17
4424.78,5.66
4424.78,5.66
4424.78,5.66
4424.78,5.66
4424.78,5.66
4545.45,5.66
4424.78,5.66
4424.78,5.66
4424.78,5.66
4424.78,5.17
4545.45,5.17
4424.78,5.17
4424.78,5.17
4424.78,5.17
4545.45,5.17
4424.78,5.17
4545.45,5.17
4424.78,5.17
4424.78,5.17
4424.78,5.17
4424.78,4.68
4545.45,4.68
4424.78,4.68
4424.78,4.68
4424.78,4.68
4424.78,4.68
4424.78,3.71
4545.45,4.68
4424.78,4.68
4424.78,4.68
4545.45,4.68
4424.78,4.68
4424.78,4.68
4424.78,4.68
4424.78,4.19
4424.78,4.19
4424.78,4.19
4424.78,4.68
4545.45,4.19
4424.78,4.19
4424.78,4.19
4424.78,4.19
4424.78,4.19
4424.78,4.19
4545.45,4.19
4424.78,4.19
4424.78,4.19
4424.78,4.19
4524.89,4.19
4424.78,4.19
4524.89,4.19
4385.96,4.19
4405.29,4.19
4524.89,3.22
4405.29,4.19
4545.45,4.19
4385.96,4.19
4424.78,4.19
4424.78,3.71
4405.29,4.19
4405.29,3.71
4405.29,3.71
4405.29,3.71
4424.78,3.71
4385.96,3.71
4504.50,3.71
4424.78,3.71
4545.45,3.71
4405.29,3.71
4424.78,3.71
4385.96,3.71
4385.96,3.71
4405.29,3.71
4524.89,3.71
4385.96,3.71
4385.96,3.71
4385.96,3.71
4405.29,3.71
4405.29,3.71
4385.96,3.71
4405.29,2.73
4385.96,3.71
4524.89,3.71
4405.29,3.71
4385.96,3.71
4385.96,3.71
4405.29,3.71
4385.96,3.71
4504.50,3.71
4405.29,3.22
4405.29,3.22
4385.96,3.22
4524.89,3.22
4385.96,3.22
4524.89,3.22
4385.96,3.22
4385.96,3.22
4524.89,3.22
4385.96,3.22
4524.89,3.22
4385.96,3.22
4385.96,3.22
4385.96,3.22
4524.89,3.22
4405.29,3.22
4524.89,3.22
4385.96,3.22
4385.96,2.73
4385.96,3.22
4524.89,3.22
4424.78,3.22
4405.29,3.22
4385.96,3.71
4385.96,3.22
4385.96,3.22
4504.50,3.22
4504.50,3.22
4545.45,3.22
4385.96,3.71
4385.96,3.22
4385.96,3.22
4504.50,3.22
4385.96,3.22
4385.96,3.22
4385.96,3.22
4385.96,3.22
4385.96,3.22
4385.96,3.22
4385.96,3.22
4504.50,3.22
4385.96,3.22
4366.81,3.22
4366.81,3.22
4385.96,3.22
4504.50,2.73
4385.96,3.22
4484.31,3.71
4366.81,3.22
4347.83,3.22
4484.31,3.22
4366.81,3.22
4504.50,3.22
4347.83,3.22
4347.83,3.22
4366.81,3.22
4484.31,3.22
4484.31,3.22
4385.96,2.73
4347.83,3.71
4484.31,3.71
4366.81,3.22
4366.81,3.22
4366.81,3.22
4366.81,3.71
4385.96,3.22
4366.81,3.22
4385.96,3.22
4385.96,3.71
4366.81,3.22
4366.81,3.22
4385.96,3.22
4385.96,2.24
4385.96,3.22
4385.96,3.22
4385.96,3.22
4385.96,3.22
4405.29,3.22
4405.29,3.22
4385.96,3.22
4405.29,3.22
4405.29,3.22
4444.44,3.22
4385.96,3.22
4424.78,3.22
4405.29,3.22